100, 2017-04-03 13:30:00, 2017-04-03 14:30:00
101, 2017-04-03 13:31:00, 2017-04-03 14:20:00
102, 2017-04-03 13:30:00, 2017-04-03 14:31:00
103, 2017-04-03 13:00:00, 2017-04-03 15:30:00
103, 2017-04-01 01:00:00, 2017-04-01 15:30:00
107, 2017-06-03 01:00:00, 2017-06-03 21:30:00
107, 2017-06-04 01:00:00, 2017-06-04 10:30:00
107, 2017-06-04 14:00:00, 2017-06-04 17:30:00
107, 2017-06-06 08:00:00, 2017-06-06 14:00:00
107, 2017-06-06 19:00:00, 2017-06-06 23:00:00
103, 2017-07-07 07:00:00, 2017-07-07 07:07:00